1,"Go until jurong point, crazy.. Available only in bugis n great world la e buffet... Cine there got amore wat..."
1,Ok lar... Joking wif u oni...
0,Free entry in 2 a wkly comp to win FA Cup final tkts 21st May 2005. Text FA to 87121 to receive entry question(std txt rate)T&C's apply 08452810075over18's
1,U dun say so early hor... U c already then say...
1,"Nah I don't think he goes to usf, he lives around here though"
0,"FreeMsg Hey there darling it's been 3 week's now and no word back! I'd like some fun you up for it still? Tb ok! XxX std chgs to send, �1.50 to rcv"
1,Even my brother is not like to speak with me. They treat me like aids patent.
1,As per your request 'Melle Melle (Oru Minnaminunginte Nurungu Vettam)' has been set as your callertune for all Callers. Press *9 to copy your friends Callertune
0,WINNER!! As a valued network customer you have been selected to receivea �900 prize reward! To claim call 09061701461. Claim code KL341. Valid 12 hours only.
0,Had your mobile 11 months or more? U R entitled to Update to the latest colour mobiles with camera for Free! Call The Mobile Update Co FREE on 08002986030
1,"I'm gonna be home soon and i don't want to talk about this stuff anymore tonight, k? I've cried enough today."
0,"SIX chances to win CASH! From 100 to 20,000 pounds txt> CSH11 and send to 87575. Cost 150p/day, 6days, 16+ TsandCs apply Reply HL 4 info"
0,"URGENT! You have won a 1 week FREE membership in our �100,000 Prize Jackpot! Txt the word: CLAIM to No: 81010 T&C www.dbuk.net LCCLTD POBOX 4403LDNW1A7RW18"
1,I've been searching for the right words to thank you for this breather. I promise i wont take your help for granted and will fulfil my promise. You have been wonderful and a blessing at all times.
1,I HAVE A DATE ON SUNDAY WITH WILL!!
0,"XXXMobileMovieClub: To use your credit, click the WAP link in the next txt message or click here>> http://wap. xxxmobilemovieclub.com?n=QJKGIGHJJGCBL"
1,Oh k...i'm watching here:)
1,Eh u remember how 2 spell his name... Yes i did. He v naughty make until i v wet.
1,Fine if that´s the way u feel. That´s the way its gota b
0,"England v Macedonia - dont miss the goals/team news. Txt ur national team to 87077 eg ENGLAND to 87077 Try:WALES, SCOTLAND 4txt/�1.20 POBOXox36504W45WQ 16+"
1,Is that seriously how you spell his name?
1,I´m going to try for 2 months ha ha only joking
1,So � pay first lar... Then when is da stock comin...
1,Aft i finish my lunch then i go str down lor. Ard 3 smth lor. U finish ur lunch already?
1,Ffffffffff. Alright no way I can meet up with you sooner?
1,Just forced myself to eat a slice. I'm really not hungry tho. This sucks. Mark is getting worried. He knows I'm sick when I turn down pizza. Lol
1,Lol your always so convincing.
1,Did you catch the bus ? Are you frying an egg ? Did you make a tea? Are you eating your mom's left over dinner ? Do you feel my Love ?
1,"I'm back &amp; we're packing the car now, I'll let you know if there's room"
1,Ahhh. Work. I vaguely remember that! What does it feel like? Lol
1,"Wait that's still not all that clear, were you not sure about me being sarcastic or that that's why x doesn't want to live with us"
1,Yeah he got in at 2 and was v apologetic. n had fallen out and she was actin like spoilt child and he got caught up in that. Till 2! But we won't go there! Not doing too badly cheers. You? 
1,K tell me anything about you.
1,For fear of fainting with the of all that housework you just did? Quick have a cuppa
0,Thanks for your subscription to Ringtone UK your mobile will be charged �5/month Please confirm by replying YES or NO. If you reply NO you will not be charged
1,Yup... Ok i go home look at the timings then i msg � again... Xuhui going to learn on 2nd may too but her lesson is at 8am
1,"Oops, I'll let you know when my roommate's done"
1,I see the letter B on my car
1,Anything lor... U decide...
1,Hello! How's you and how did saturday go? I was just texting to see if you'd decided to do anything tomo. Not that i'm trying to invite myself or anything!
1,Pls go ahead with watts. I just wanted to be sure. Do have a great weekend. Abiola
1,"Did I forget to tell you ? I want you , I need you, I crave you ... But most of all ... I love you my sweet Arabian steed ... Mmmmmm ... Yummy"
0,07732584351 - Rodger Burns - MSG = We tried to call you re your reply to our sms for a free nokia mobile + free camcorder. Please call now 08000930705 for delivery tomorrow
1,WHO ARE YOU SEEING?
1,Great! I hope you like your man well endowed. I am  &lt;#&gt;  inches...
1,No calls..messages..missed calls
1,Didn't you get hep b immunisation in nigeria.
1,"Fair enough, anything going on?"
1,"Yeah hopefully, if tyler can't do it I could maybe ask around a bit"
1,U don't know how stubborn I am. I didn't even want to go to the hospital. I kept telling Mark I'm not a weak sucker. Hospitals are for weak suckers.
1,What you thinked about me. First time you saw me in class.
1,"A gram usually runs like  &lt;#&gt; , a half eighth is smarter though and gets you almost a whole second gram for  &lt;#&gt;"
1,K fyi x has a ride early tomorrow morning but he's crashing at our place tonight
1,"Wow. I never realized that you were so embarassed by your accomodations. I thought you liked it, since i was doing the best i could and you always seemed so happy about ""the cave"". I'm sorry I didn't and don't have more to give. I'm sorry i offered. I'm sorry your room was so embarassing."
0,SMS. ac Sptv: The New Jersey Devils and the Detroit Red Wings play Ice Hockey. Correct or Incorrect? End? Reply END SPTV
1,Do you know what Mallika Sherawat did yesterday? Find out now @  &lt;URL&gt;
0,"Congrats! 1 year special cinema pass for 2 is yours. call 09061209465 now! C Suprman V, Matrix3, StarWars3, etc all 4 FREE! bx420-ip4-5we. 150pm. Dont miss out! "
1,"Sorry, I'll call later in meeting."
1,Tell where you reached
1,Yes..gauti and sehwag out of odi series.
1,Your gonna have to pick up a $1 burger for yourself on your way home. I can't even move. Pain is killing me.
1,Ha ha ha good joke. Girls are situation seekers.
1,Its a part of checking IQ
1,"Sorry my roommates took forever, it ok if I come by now?"
1,Ok lar i double check wif da hair dresser already he said wun cut v short. He said will cut until i look nice.
0,"As a valued customer, I am pleased to advise you that following recent review of your Mob No. you are awarded with a �1500 Bonus Prize, call 09066364589"
1,"Today is ""song dedicated day.."" Which song will u dedicate for me? Send this to all ur valuable frnds but first rply me..."
0,"Urgent UR awarded a complimentary trip to EuroDisinc Trav, Aco&Entry41 Or �1000. To claim txt DIS to 87121 18+6*�1.50(moreFrmMob. ShrAcomOrSglSuplt)10, LS1 3AJ"
0,"Did you hear about the new ""Divorce Barbie""? It comes with all of Ken's stuff!"
1,I plane to give on this month end.
1,Wah lucky man... Then can save money... Hee...
1,Finished class where are you.
1,HI BABE IM AT HOME NOW WANNA DO SOMETHING? XX
1,K..k:)where are you?how did you performed?
1,U can call me now...
1,I am waiting machan. Call me once you free.
1,Thats cool. i am a gentleman and will treat you with dignity and respect.
1,I like you peoples very much:) but am very shy pa.
1,Does not operate after  &lt;#&gt;  or what
1,Its not the same here. Still looking for a job. How much do Ta's earn there.
1,"Sorry, I'll call later"
1,K. Did you call me just now ah? 
1,Ok i am on the way to home hi hi
1,You will be in the place of that man
1,Yup next stop.
1,"I call you later, don't have network. If urgnt, sms me."
1,For real when u getting on yo? I only need 2 more tickets and one more jacket and I'm done. I already used all my multis.
1,Yes I started to send requests to make it but pain came back so I'm back in bed. Double coins at the factory too. I gotta cash in all my nitros.
1,I'm really not up to it still tonight babe
1,"Ela kano.,il download, come wen ur free.."
1,Yeah do! Don�t stand to close tho- you�ll catch something!
1,Sorry to be a pain. Is it ok if we meet another night? I spent late afternoon in casualty and that means i haven't done any of y stuff42moro and that includes all my time sheets and that. Sorry. 
1,Smile in Pleasure Smile in Pain Smile when trouble pours like Rain Smile when sum1 Hurts U Smile becoz SOMEONE still Loves to see u Smiling!!
0,Please call our customer service representative on 0800 169 6031 between 10am-9pm as you have WON a guaranteed �1000 cash or �5000 prize!
1,Havent planning to buy later. I check already lido only got 530 show in e afternoon. U finish work already?
0,"Your free ringtone is waiting to be collected. Simply text the password ""MIX"" to 85069 to verify. Get Usher and Britney. FML, PO Box 5249, MK17 92H. 450Ppw 16"
1,Watching telugu movie..wat abt u?
1,i see. When we finish we have loads of loans to pay
1,"Hi. Wk been ok - on hols now! Yes on for a bit of a run. Forgot that i have hairdressers appointment at four so need to get home n shower beforehand. Does that cause prob for u?"""
1,I see a cup of coffee animation
1,Please don't text me anymore. I have nothing else to say.
1,Okay name ur price as long as its legal! Wen can I pick them up? Y u ave x ams xx
1,I'm still looking for a car to buy. And have not gone 4the driving test yet.
1,As per your request 'Melle Melle (Oru Minnaminunginte Nurungu Vettam)' has been set as your callertune for all Callers. Press *9 to copy your friends Callertune
1,"wow. You're right! I didn't mean to do that. I guess once i gave up on boston men and changed my search location to nyc, something changed. Cuz on my signin page it still says boston."
1,Umma my life and vava umma love you lot dear
1,Thanks a lot for your wishes on my birthday. Thanks you for making my birthday truly memorable.
1,"Aight, I'll hit you up when I get some cash"
1,How would my ip address test that considering my computer isn't a minecraft server
1,I know! Grumpy old people. My mom was like you better not be lying. Then again I am always the one to play jokes...
1,Dont worry. I guess he's busy.
1,What is the plural of the noun research?
1,Going for dinner.msg you after.
1,I'm ok wif it cos i like 2 try new things. But i scared u dun like mah. Cos u said not too loud.
0,GENT! We are trying to contact you. Last weekends draw shows that you won a �1000 prize GUARANTEED. Call 09064012160. Claim Code K52. Valid 12hrs only. 150ppm
1,"Wa, ur openin sentence very formal... Anyway, i'm fine too, juz tt i'm eatin too much n puttin on weight...Haha... So anythin special happened?"
1,"As I entered my cabin my PA said, '' Happy B'day Boss !!''. I felt special. She askd me 4 lunch. After lunch she invited me to her apartment. We went there."
0,You are a winner U have been specially selected 2 receive �1000 or a 4* holiday (flights inc) speak to a live operator 2 claim 0871277810910p/min (18+) 
1,Goodo! Yes we must speak friday - egg-potato ratio for tortilla needed! 
1,Hmm...my uncle just informed me that he's paying the school directly. So pls buy food.
